{
  "best_metric": null,
  "best_model_checkpoint": null,
  "epoch": 3.0,
  "eval_steps": 500,
  "global_step": 540,
  "is_hyper_param_search": true,
  "is_local_process_zero": true,
  "is_world_process_zero": true,
  "log_history": [
    {
      "epoch": 1.0,
      "eval_Accuracy": 0.875,
      "eval_F1": 0.8739596413277955,
      "eval_Precision": 0.8867156717888101,
      "eval_Recall": 0.875,
      "eval_loss": 0.3600552976131439,
      "eval_runtime": 23.0456,
      "eval_samples_per_second": 6.943,
      "eval_steps_per_second": 0.868,
      "step": 180
    },
    {
      "epoch": 2.0,
      "eval_Accuracy": 0.90625,
      "eval_F1": 0.9057972280908884,
      "eval_Precision": 0.9140625,
      "eval_Recall": 0.90625,
      "eval_loss": 0.29949870705604553,
      "eval_runtime": 22.9358,
      "eval_samples_per_second": 6.976,
      "eval_steps_per_second": 0.872,
      "step": 360
    },
    {
      "epoch": 2.7777777777777777,
      "grad_norm": 24.273143768310547,
      "learning_rate": 1.4814814814814815e-06,
      "loss": 0.4034,
      "step": 500
    },
    {
      "epoch": 3.0,
      "eval_Accuracy": 0.88125,
      "eval_F1": 0.8809961417543111,
      "eval_Precision": 0.8841629616487156,
      "eval_Recall": 0.88125,
      "eval_loss": 0.3333943784236908,
      "eval_runtime": 22.9515,
      "eval_samples_per_second": 6.971,
      "eval_steps_per_second": 0.871,
      "step": 540
    }
  ],
  "logging_steps": 500,
  "max_steps": 540,
  "num_input_tokens_seen": 0,
  "num_train_epochs": 3,
  "save_steps": 500,
  "total_flos": 263113417728000.0,
  "train_batch_size": 8,
  "trial_name": null,
  "trial_params": {
    "learning_rate": 2e-05,
    "num_train_epochs": 3,
    "per_device_train_batch_size": 8,
    "weight_decay": 0.1
  }
}
