{
  "best_metric": null,
  "best_model_checkpoint": null,
  "epoch": 3.0,
  "eval_steps": 500,
  "global_step": 540,
  "is_hyper_param_search": false,
  "is_local_process_zero": true,
  "is_world_process_zero": true,
  "log_history": [
    {
      "epoch": 1.0,
      "eval_Accuracy": 0.875,
      "eval_F1": 0.8739596413277955,
      "eval_Precision": 0.8867156717888101,
      "eval_Recall": 0.875,
      "eval_loss": 0.35305726528167725,
      "eval_runtime": 17.0417,
      "eval_samples_per_second": 9.389,
      "eval_steps_per_second": 1.174,
      "step": 180
    },
    {
      "epoch": 2.0,
      "eval_Accuracy": 0.8875,
      "eval_F1": 0.8871876126396732,
      "eval_Precision": 0.8914226936856247,
      "eval_Recall": 0.8875,
      "eval_loss": 0.3171059489250183,
      "eval_runtime": 18.0762,
      "eval_samples_per_second": 8.851,
      "eval_steps_per_second": 1.106,
      "step": 360
    },
    {
      "epoch": 2.7777777777777777,
      "grad_norm": 20.860774993896484,
      "learning_rate": 6.111111111111112e-06,
      "loss": 0.4062,
      "step": 500
    },
    {
      "epoch": 3.0,
      "eval_Accuracy": 0.86875,
      "eval_F1": 0.8684556984473766,
      "eval_Precision": 0.8715302419915949,
      "eval_Recall": 0.86875,
      "eval_loss": 0.39108505845069885,
      "eval_runtime": 15.3133,
      "eval_samples_per_second": 10.448,
      "eval_steps_per_second": 1.306,
      "step": 540
    }
  ],
  "logging_steps": 500,
  "max_steps": 720,
  "num_input_tokens_seen": 0,
  "num_train_epochs": 4,
  "save_steps": 500,
  "total_flos": 284162491146240.0,
  "train_batch_size": 8,
  "trial_name": null,
  "trial_params": null
}
