{
  "best_metric": null,
  "best_model_checkpoint": null,
  "epoch": 4.0,
  "eval_steps": 500,
  "global_step": 360,
  "is_hyper_param_search": false,
  "is_local_process_zero": true,
  "is_world_process_zero": true,
  "log_history": [
    {
      "epoch": 1.0,
      "eval_Accuracy": 0.85,
      "eval_F1": 0.8506180139253153,
      "eval_Precision": 0.854959301262118,
      "eval_Recall": 0.85,
      "eval_loss": 0.37350502610206604,
      "eval_runtime": 229.4352,
      "eval_samples_per_second": 0.697,
      "eval_steps_per_second": 0.087,
      "step": 90
    },
    {
      "epoch": 2.0,
      "eval_Accuracy": 0.89375,
      "eval_F1": 0.8935574477969583,
      "eval_Precision": 0.8999573635634028,
      "eval_Recall": 0.89375,
      "eval_loss": 0.34180518984794617,
      "eval_runtime": 21.4245,
      "eval_samples_per_second": 7.468,
      "eval_steps_per_second": 0.934,
      "step": 180
    },
    {
      "epoch": 3.0,
      "eval_Accuracy": 0.9125,
      "eval_F1": 0.9123247646202739,
      "eval_Precision": 0.9125347070993032,
      "eval_Recall": 0.9125,
      "eval_loss": 0.33509811758995056,
      "eval_runtime": 23.2353,
      "eval_samples_per_second": 6.886,
      "eval_steps_per_second": 0.861,
      "step": 270
    },
    {
      "epoch": 4.0,
      "eval_Accuracy": 0.925,
      "eval_F1": 0.9247960537388498,
      "eval_Precision": 0.9249799243249128,
      "eval_Recall": 0.925,
      "eval_loss": 0.33185598254203796,
      "eval_runtime": 21.1144,
      "eval_samples_per_second": 7.578,
      "eval_steps_per_second": 0.947,
      "step": 360
    }
  ],
  "logging_steps": 500,
  "max_steps": 360,
  "num_input_tokens_seen": 0,
  "num_train_epochs": 4,
  "save_steps": 500,
  "total_flos": 378883321528320.0,
  "train_batch_size": 16,
  "trial_name": null,
  "trial_params": null
}
